"species","sample","relabundance","clade_name","clade_taxid","Domain","Kingdom","Phylum","Class","Order","Family","Genus","Species","Strain","sample_col","group","shannon"
"NM07-P-09 sp004793925","Het-1",0.000751873402133937,"d__Bacteria;p__Actinobacteriota;c__Coriobacteriia;o__Coriobacteriales;f__Atopobiaceae;g__NM07-P-09;s__NM07-P-09 sp004793925","2|201174|84998|84999|84107||2011094|","Bacteria",NA,"Actinobacteriota","Coriobacteriia","Coriobacteriales","Atopobiaceae","NM07-P-09","NM07-P-09 sp004793925",NA,"Het-1","Het",3.06514540372197
"NM07-P-09 sp004793925","Het-2",0.000603097849291224,"d__Bacteria;p__Actinobacteriota;c__Coriobacteriia;o__Coriobacteriales;f__Atopobiaceae;g__NM07-P-09;s__NM07-P-09 sp004793925","2|201174|84998|84999|84107||2011094|","Bacteria",NA,"Actinobacteriota","Coriobacteriia","Coriobacteriales","Atopobiaceae","NM07-P-09","NM07-P-09 sp004793925",NA,"Het-2","Het",2.97714543313782
"NM07-P-09 sp004793925","Het-3",0.000526728011646769,"d__Bacteria;p__Actinobacteriota;c__Coriobacteriia;o__Coriobacteriales;f__Atopobiaceae;g__NM07-P-09;s__NM07-P-09 sp004793925","2|201174|84998|84999|84107||2011094|","Bacteria",NA,"Actinobacteriota","Coriobacteriia","Coriobacteriales","Atopobiaceae","NM07-P-09","NM07-P-09 sp004793925",NA,"Het-3","Het",3.12470294194333
"NM07-P-09 sp004793925","Het-4",0.000240525603322474,"d__Bacteria;p__Actinobacteriota;c__Coriobacteriia;o__Coriobacteriales;f__Atopobiaceae;g__NM07-P-09;s__NM07-P-09 sp004793925","2|201174|84998|84999|84107||2011094|","Bacteria",NA,"Actinobacteriota","Coriobacteriia","Coriobacteriales","Atopobiaceae","NM07-P-09","NM07-P-09 sp004793925",NA,"Het-4","Het",3.11326772334003
"NM07-P-09 sp004793925","Het-5",0.000636099038909397,"d__Bacteria;p__Actinobacteriota;c__Coriobacteriia;o__Coriobacteriales;f__Atopobiaceae;g__NM07-P-09;s__NM07-P-09 sp004793925","2|201174|84998|84999|84107||2011094|","Bacteria",NA,"Actinobacteriota","Coriobacteriia","Coriobacteriales","Atopobiaceae","NM07-P-09","NM07-P-09 sp004793925",NA,"Het-5","Het",2.60899831494817
"NM07-P-09 sp004793925","Homo-1",0.0479172657081985,"d__Bacteria;p__Actinobacteriota;c__Coriobacteriia;o__Coriobacteriales;f__Atopobiaceae;g__NM07-P-09;s__NM07-P-09 sp004793925","2|201174|84998|84999|84107||2011094|","Bacteria",NA,"Actinobacteriota","Coriobacteriia","Coriobacteriales","Atopobiaceae","NM07-P-09","NM07-P-09 sp004793925",NA,"Homo-1","Homo",2.99124792595373
"NM07-P-09 sp004793925","Homo-2",0.00404776793715512,"d__Bacteria;p__Actinobacteriota;c__Coriobacteriia;o__Coriobacteriales;f__Atopobiaceae;g__NM07-P-09;s__NM07-P-09 sp004793925","2|201174|84998|84999|84107||2011094|","Bacteria",NA,"Actinobacteriota","Coriobacteriia","Coriobacteriales","Atopobiaceae","NM07-P-09","NM07-P-09 sp004793925",NA,"Homo-2","Homo",3.25085471296027
"NM07-P-09 sp004793925","Homo-3",0.0198766112344707,"d__Bacteria;p__Actinobacteriota;c__Coriobacteriia;o__Coriobacteriales;f__Atopobiaceae;g__NM07-P-09;s__NM07-P-09 sp004793925","2|201174|84998|84999|84107||2011094|","Bacteria",NA,"Actinobacteriota","Coriobacteriia","Coriobacteriales","Atopobiaceae","NM07-P-09","NM07-P-09 sp004793925",NA,"Homo-3","Homo",2.93697670643542
"NM07-P-09 sp004793925","Homo-4",0.0673474186282967,"d__Bacteria;p__Actinobacteriota;c__Coriobacteriia;o__Coriobacteriales;f__Atopobiaceae;g__NM07-P-09;s__NM07-P-09 sp004793925","2|201174|84998|84999|84107||2011094|","Bacteria",NA,"Actinobacteriota","Coriobacteriia","Coriobacteriales","Atopobiaceae","NM07-P-09","NM07-P-09 sp004793925",NA,"Homo-4","Homo",3.25354424096843
"NM07-P-09 sp004793925","Homo-5",0.0657879865885546,"d__Bacteria;p__Actinobacteriota;c__Coriobacteriia;o__Coriobacteriales;f__Atopobiaceae;g__NM07-P-09;s__NM07-P-09 sp004793925","2|201174|84998|84999|84107||2011094|","Bacteria",NA,"Actinobacteriota","Coriobacteriia","Coriobacteriales","Atopobiaceae","NM07-P-09","NM07-P-09 sp004793925",NA,"Homo-5","Homo",3.61143676832688
"Bacteroides caecimuris","Het-1",0.00947006289075801,"d__Bacteria;p__Bacteroidota;c__Bacteroidia;o__Bacteroidales;f__Bacteroidaceae;g__Bacteroides;s__Bacteroides caecimuris","2|976|200643|171549|815|816|1796613|","Bacteria",NA,"Bacteroidota","Bacteroidia","Bacteroidales","Bacteroidaceae","Bacteroides","Bacteroides caecimuris",NA,"Het-1","Het",3.06514540372197
"Bacteroides caecimuris","Het-2",0.00897546263217283,"d__Bacteria;p__Bacteroidota;c__Bacteroidia;o__Bacteroidales;f__Bacteroidaceae;g__Bacteroides;s__Bacteroides caecimuris","2|976|200643|171549|815|816|1796613|","Bacteria",NA,"Bacteroidota","Bacteroidia","Bacteroidales","Bacteroidaceae","Bacteroides","Bacteroides caecimuris",NA,"Het-2","Het",2.97714543313782
"Bacteroides caecimuris","Het-3",0.0156569421721178,"d__Bacteria;p__Bacteroidota;c__Bacteroidia;o__Bacteroidales;f__Bacteroidaceae;g__Bacteroides;s__Bacteroides caecimuris","2|976|200643|171549|815|816|1796613|","Bacteria",NA,"Bacteroidota","Bacteroidia","Bacteroidales","Bacteroidaceae","Bacteroides","Bacteroides caecimuris",NA,"Het-3","Het",3.12470294194333
"Bacteroides caecimuris","Het-4",0.00780363575741049,"d__Bacteria;p__Bacteroidota;c__Bacteroidia;o__Bacteroidales;f__Bacteroidaceae;g__Bacteroides;s__Bacteroides caecimuris","2|976|200643|171549|815|816|1796613|","Bacteria",NA,"Bacteroidota","Bacteroidia","Bacteroidales","Bacteroidaceae","Bacteroides","Bacteroides caecimuris",NA,"Het-4","Het",3.11326772334003
"Bacteroides caecimuris","Het-5",0.0374203470673912,"d__Bacteria;p__Bacteroidota;c__Bacteroidia;o__Bacteroidales;f__Bacteroidaceae;g__Bacteroides;s__Bacteroides caecimuris","2|976|200643|171549|815|816|1796613|","Bacteria",NA,"Bacteroidota","Bacteroidia","Bacteroidales","Bacteroidaceae","Bacteroides","Bacteroides caecimuris",NA,"Het-5","Het",2.60899831494817
"Bacteroides caecimuris","Homo-1",0.000346846828982481,"d__Bacteria;p__Bacteroidota;c__Bacteroidia;o__Bacteroidales;f__Bacteroidaceae;g__Bacteroides;s__Bacteroides caecimuris","2|976|200643|171549|815|816|1796613|","Bacteria",NA,"Bacteroidota","Bacteroidia","Bacteroidales","Bacteroidaceae","Bacteroides","Bacteroides caecimuris",NA,"Homo-1","Homo",2.99124792595373
"Bacteroides caecimuris","Homo-2",0.000317148960656826,"d__Bacteria;p__Bacteroidota;c__Bacteroidia;o__Bacteroidales;f__Bacteroidaceae;g__Bacteroides;s__Bacteroides caecimuris","2|976|200643|171549|815|816|1796613|","Bacteria",NA,"Bacteroidota","Bacteroidia","Bacteroidales","Bacteroidaceae","Bacteroides","Bacteroides caecimuris",NA,"Homo-2","Homo",3.25085471296027
"Bacteroides caecimuris","Homo-3",1.585907582631e-05,"d__Bacteria;p__Bacteroidota;c__Bacteroidia;o__Bacteroidales;f__Bacteroidaceae;g__Bacteroides;s__Bacteroides caecimuris","2|976|200643|171549|815|816|1796613|","Bacteria",NA,"Bacteroidota","Bacteroidia","Bacteroidales","Bacteroidaceae","Bacteroides","Bacteroides caecimuris",NA,"Homo-3","Homo",2.93697670643542
"Bacteroides caecimuris","Homo-4",0.000435764990776635,"d__Bacteria;p__Bacteroidota;c__Bacteroidia;o__Bacteroidales;f__Bacteroidaceae;g__Bacteroides;s__Bacteroides caecimuris","2|976|200643|171549|815|816|1796613|","Bacteria",NA,"Bacteroidota","Bacteroidia","Bacteroidales","Bacteroidaceae","Bacteroides","Bacteroides caecimuris",NA,"Homo-4","Homo",3.25354424096843
"Bacteroides caecimuris","Homo-5",8.63250699615036e-05,"d__Bacteria;p__Bacteroidota;c__Bacteroidia;o__Bacteroidales;f__Bacteroidaceae;g__Bacteroides;s__Bacteroides caecimuris","2|976|200643|171549|815|816|1796613|","Bacteria",NA,"Bacteroidota","Bacteroidia","Bacteroidales","Bacteroidaceae","Bacteroides","Bacteroides caecimuris",NA,"Homo-5","Homo",3.61143676832688
"Lactococcus cremoris","Het-1",0.00981232659676863,"d__Bacteria;p__Firmicutes;c__Bacilli;o__Lactobacillales;f__Streptococcaceae;g__Lactococcus;s__Lactococcus cremoris","2|1239|91061|186826|1300|1357|1359|","Bacteria",NA,"Firmicutes","Bacilli","Lactobacillales","Streptococcaceae","Lactococcus","Lactococcus cremoris",NA,"Het-1","Het",3.06514540372197
"Lactococcus cremoris","Het-2",0.00134151789149099,"d__Bacteria;p__Firmicutes;c__Bacilli;o__Lactobacillales;f__Streptococcaceae;g__Lactococcus;s__Lactococcus cremoris","2|1239|91061|186826|1300|1357|1359|","Bacteria",NA,"Firmicutes","Bacilli","Lactobacillales","Streptococcaceae","Lactococcus","Lactococcus cremoris",NA,"Het-2","Het",2.97714543313782
"Lactococcus cremoris","Het-3",0.0115312697701194,"d__Bacteria;p__Firmicutes;c__Bacilli;o__Lactobacillales;f__Streptococcaceae;g__Lactococcus;s__Lactococcus cremoris","2|1239|91061|186826|1300|1357|1359|","Bacteria",NA,"Firmicutes","Bacilli","Lactobacillales","Streptococcaceae","Lactococcus","Lactococcus cremoris",NA,"Het-3","Het",3.12470294194333
"Lactococcus cremoris","Het-4",0.00382321424732308,"d__Bacteria;p__Firmicutes;c__Bacilli;o__Lactobacillales;f__Streptococcaceae;g__Lactococcus;s__Lactococcus cremoris","2|1239|91061|186826|1300|1357|1359|","Bacteria",NA,"Firmicutes","Bacilli","Lactobacillales","Streptococcaceae","Lactococcus","Lactococcus cremoris",NA,"Het-4","Het",3.11326772334003
"Lactococcus cremoris","Het-5",0.00289931008352509,"d__Bacteria;p__Firmicutes;c__Bacilli;o__Lactobacillales;f__Streptococcaceae;g__Lactococcus;s__Lactococcus cremoris","2|1239|91061|186826|1300|1357|1359|","Bacteria",NA,"Firmicutes","Bacilli","Lactobacillales","Streptococcaceae","Lactococcus","Lactococcus cremoris",NA,"Het-5","Het",2.60899831494817
"Lactococcus cremoris","Homo-1",1.40145369456589e-05,"d__Bacteria;p__Firmicutes;c__Bacilli;o__Lactobacillales;f__Streptococcaceae;g__Lactococcus;s__Lactococcus cremoris","2|1239|91061|186826|1300|1357|1359|","Bacteria",NA,"Firmicutes","Bacilli","Lactobacillales","Streptococcaceae","Lactococcus","Lactococcus cremoris",NA,"Homo-1","Homo",2.99124792595373
"Lactococcus cremoris","Homo-2",1.79535132628676e-05,"d__Bacteria;p__Firmicutes;c__Bacilli;o__Lactobacillales;f__Streptococcaceae;g__Lactococcus;s__Lactococcus cremoris","2|1239|91061|186826|1300|1357|1359|","Bacteria",NA,"Firmicutes","Bacilli","Lactobacillales","Streptococcaceae","Lactococcus","Lactococcus cremoris",NA,"Homo-2","Homo",3.25085471296027
"Lactococcus cremoris","Homo-3",1.42339408476422e-06,"d__Bacteria;p__Firmicutes;c__Bacilli;o__Lactobacillales;f__Streptococcaceae;g__Lactococcus;s__Lactococcus cremoris","2|1239|91061|186826|1300|1357|1359|","Bacteria",NA,"Firmicutes","Bacilli","Lactobacillales","Streptococcaceae","Lactococcus","Lactococcus cremoris",NA,"Homo-3","Homo",2.93697670643542
"Lactococcus cremoris","Homo-4",3.28014323020458e-05,"d__Bacteria;p__Firmicutes;c__Bacilli;o__Lactobacillales;f__Streptococcaceae;g__Lactococcus;s__Lactococcus cremoris","2|1239|91061|186826|1300|1357|1359|","Bacteria",NA,"Firmicutes","Bacilli","Lactobacillales","Streptococcaceae","Lactococcus","Lactococcus cremoris",NA,"Homo-4","Homo",3.25354424096843
"Lactococcus cremoris","Homo-5",6.9845821460635e-07,"d__Bacteria;p__Firmicutes;c__Bacilli;o__Lactobacillales;f__Streptococcaceae;g__Lactococcus;s__Lactococcus cremoris","2|1239|91061|186826|1300|1357|1359|","Bacteria",NA,"Firmicutes","Bacilli","Lactobacillales","Streptococcaceae","Lactococcus","Lactococcus cremoris",NA,"Homo-5","Homo",3.61143676832688
"Acutalibacter muris","Het-1",0.000529572943416354,"d__Bacteria;p__Firmicutes_A;c__Clostridia;o__Oscillospirales;f__Acutalibacteraceae;g__Acutalibacter;s__Acutalibacter muris","2|1239|186801|186802|216572||1834198|","Bacteria",NA,"Firmicutes_A","Clostridia","Oscillospirales","Acutalibacteraceae","Acutalibacter","Acutalibacter muris",NA,"Het-1","Het",3.06514540372197
"Acutalibacter muris","Het-2",0.00028562812625386,"d__Bacteria;p__Firmicutes_A;c__Clostridia;o__Oscillospirales;f__Acutalibacteraceae;g__Acutalibacter;s__Acutalibacter muris","2|1239|186801|186802|216572||1834198|","Bacteria",NA,"Firmicutes_A","Clostridia","Oscillospirales","Acutalibacteraceae","Acutalibacter","Acutalibacter muris",NA,"Het-2","Het",2.97714543313782
"Acutalibacter muris","Het-3",0.000168539805121492,"d__Bacteria;p__Firmicutes_A;c__Clostridia;o__Oscillospirales;f__Acutalibacteraceae;g__Acutalibacter;s__Acutalibacter muris","2|1239|186801|186802|216572||1834198|","Bacteria",NA,"Firmicutes_A","Clostridia","Oscillospirales","Acutalibacteraceae","Acutalibacter","Acutalibacter muris",NA,"Het-3","Het",3.12470294194333
"Acutalibacter muris","Het-4",0.000268122367699289,"d__Bacteria;p__Firmicutes_A;c__Clostridia;o__Oscillospirales;f__Acutalibacteraceae;g__Acutalibacter;s__Acutalibacter muris","2|1239|186801|186802|216572||1834198|","Bacteria",NA,"Firmicutes_A","Clostridia","Oscillospirales","Acutalibacteraceae","Acutalibacter","Acutalibacter muris",NA,"Het-4","Het",3.11326772334003
"Acutalibacter muris","Het-5",7.99569290654381e-05,"d__Bacteria;p__Firmicutes_A;c__Clostridia;o__Oscillospirales;f__Acutalibacteraceae;g__Acutalibacter;s__Acutalibacter muris","2|1239|186801|186802|216572||1834198|","Bacteria",NA,"Firmicutes_A","Clostridia","Oscillospirales","Acutalibacteraceae","Acutalibacter","Acutalibacter muris",NA,"Het-5","Het",2.60899831494817
"Acutalibacter muris","Homo-1",0.0154300656591424,"d__Bacteria;p__Firmicutes_A;c__Clostridia;o__Oscillospirales;f__Acutalibacteraceae;g__Acutalibacter;s__Acutalibacter muris","2|1239|186801|186802|216572||1834198|","Bacteria",NA,"Firmicutes_A","Clostridia","Oscillospirales","Acutalibacteraceae","Acutalibacter","Acutalibacter muris",NA,"Homo-1","Homo",2.99124792595373
"Acutalibacter muris","Homo-2",0.0034755480840887,"d__Bacteria;p__Firmicutes_A;c__Clostridia;o__Oscillospirales;f__Acutalibacteraceae;g__Acutalibacter;s__Acutalibacter muris","2|1239|186801|186802|216572||1834198|","Bacteria",NA,"Firmicutes_A","Clostridia","Oscillospirales","Acutalibacteraceae","Acutalibacter","Acutalibacter muris",NA,"Homo-2","Homo",3.25085471296027
"Acutalibacter muris","Homo-3",0.0027547943219084,"d__Bacteria;p__Firmicutes_A;c__Clostridia;o__Oscillospirales;f__Acutalibacteraceae;g__Acutalibacter;s__Acutalibacter muris","2|1239|186801|186802|216572||1834198|","Bacteria",NA,"Firmicutes_A","Clostridia","Oscillospirales","Acutalibacteraceae","Acutalibacter","Acutalibacter muris",NA,"Homo-3","Homo",2.93697670643542
"Acutalibacter muris","Homo-4",0.0019279924689813,"d__Bacteria;p__Firmicutes_A;c__Clostridia;o__Oscillospirales;f__Acutalibacteraceae;g__Acutalibacter;s__Acutalibacter muris","2|1239|186801|186802|216572||1834198|","Bacteria",NA,"Firmicutes_A","Clostridia","Oscillospirales","Acutalibacteraceae","Acutalibacter","Acutalibacter muris",NA,"Homo-4","Homo",3.25354424096843
"Acutalibacter muris","Homo-5",0.0233333280948967,"d__Bacteria;p__Firmicutes_A;c__Clostridia;o__Oscillospirales;f__Acutalibacteraceae;g__Acutalibacter;s__Acutalibacter muris","2|1239|186801|186802|216572||1834198|","Bacteria",NA,"Firmicutes_A","Clostridia","Oscillospirales","Acutalibacteraceae","Acutalibacter","Acutalibacter muris",NA,"Homo-5","Homo",3.61143676832688
