feature	UNMAPPED	UNINTEGRATED	X1CMET2.PWY..folate.transformations.III..E..coli.	ANAEROFRUCAT.PWY..homolactic.fermentation	ANAGLYCOLYSIS.PWY..glycolysis.III..from.glucose.	ARGININE.SYN4.PWY..L.ornithine.biosynthesis.II	ARGSYN.PWY..L.arginine.biosynthesis.I..via.L.ornithine.	ARGSYNBSUB.PWY..L.arginine.biosynthesis.II..acetyl.cycle.	ARO.PWY..chorismate.biosynthesis.I	ASPASN.PWY..superpathway.of.L.aspartate.and.L.asparagine.biosynthesis	BIOTIN.BIOSYNTHESIS.PWY..biotin.biosynthesis.I	BRANCHED.CHAIN.AA.SYN.PWY..superpathway.of.branched.chain.amino.acid.biosynthesis	CALVIN.PWY..Calvin.Benson.Bassham.cycle	CENTFERM.PWY..pyruvate.fermentation.to.butanoate	CITRULBIO.PWY..L.citrulline.biosynthesis	COA.PWY.1..superpathway.of.coenzyme.A.biosynthesis.III..mammals.	COA.PWY..coenzyme.A.biosynthesis.I..prokaryotic.	COBALSYN.PWY..superpathway.of.adenosylcobalamin.salvage.from.cobinamide.I	COLANSYN.PWY..colanic.acid.building.blocks.biosynthesis	COMPLETE.ARO.PWY..superpathway.of.aromatic.amino.acid.biosynthesis	CRNFORCAT.PWY..creatinine.degradation.I	DAPLYSINESYN.PWY..L.lysine.biosynthesis.I	DTDPRHAMSYN.PWY..dTDP..beta..L.rhamnose.biosynthesis	FASYN.ELONG.PWY..fatty.acid.elongation....saturated	FASYN.INITIAL.PWY..superpathway.of.fatty.acid.biosynthesis.initiation..E..coli.	FERMENTATION.PWY..mixed.acid.fermentation	FOLSYN.PWY..superpathway.of.tetrahydrofolate.biosynthesis.and.salvage	FUC.RHAMCAT.PWY..superpathway.of.fucose.and.rhamnose.degradation	FUCCAT.PWY..fucose.degradation	GALACT.GLUCUROCAT.PWY..superpathway.of.hexuronide.and.hexuronate.degradation	GALACTUROCAT.PWY..D.galacturonate.degradation.I	GLCMANNANAUT.PWY..superpathway.of.N.acetylglucosamine..N.acetylmannosamine.and.N.acetylneuraminate.degradation	GLUCONEO.PWY..gluconeogenesis.I	GLUCUROCAT.PWY..superpathway.of..beta..D.glucuronosides.degradation	GLUDEG.I.PWY..GABA.shunt	GLUTORN.PWY..L.ornithine.biosynthesis.I	GLYCOCAT.PWY..glycogen.degradation.I	GLYCOGENSYNTH.PWY..glycogen.biosynthesis.I..from.ADP.D.Glucose.	GLYCOLYSIS.E.D..superpathway.of.glycolysis.and.the.Entner.Doudoroff.pathway	GLYCOLYSIS..glycolysis.I..from.glucose.6.phosphate.	GLYOXYLATE.BYPASS..glyoxylate.cycle	GOLPDLCAT.PWY..superpathway.of.glycerol.degradation.to.1.3.propanediol	HEME.BIOSYNTHESIS.II..heme.b.biosynthesis.I..aerobic.	HEMESYN2.PWY..heme.b.biosynthesis.II..oxygen.independent.	HISDEG.PWY..L.histidine.degradation.I	HISTSYN.PWY..L.histidine.biosynthesis	HOMOSER.METSYN.PWY..L.methionine.biosynthesis.I	HSERMETANA.PWY..L.methionine.biosynthesis.III	ILEUSYN.PWY..L.isoleucine.biosynthesis.I..from.threonine.	KETOGLUCONMET.PWY..ketogluconate.metabolism	LACTOSECAT.PWY..lactose.and.galactose.degradation.I	MET.SAM.PWY..superpathway.of.S.adenosyl.L.methionine.biosynthesis	METH.ACETATE.PWY..methanogenesis.from.acetate	METHGLYUT.PWY..superpathway.of.methylglyoxal.degradation	METSYN.PWY..superpathway.of.L.homoserine.and.L.methionine.biosynthesis	NAD.BIOSYNTHESIS.II..NAD.salvage.pathway.III..to.nicotinamide.riboside.	NADSYN.PWY..NAD.de.novo.biosynthesis.II..from.tryptophan.	NAGLIPASYN.PWY..lipid.IVA.biosynthesis..E..coli.	NONMEVIPP.PWY..methylerythritol.phosphate.pathway.I	NONOXIPENT.PWY..pentose.phosphate.pathway..non.oxidative.branch..I	OANTIGEN.PWY..O.antigen.building.blocks.biosynthesis..E..coli.	P108.PWY..pyruvate.fermentation.to.propanoate.I	P122.PWY..heterolactic.fermentation	P124.PWY..Bifidobacterium.shunt	P125.PWY..superpathway.of..R.R..butanediol.biosynthesis	P161.PWY..acetylene.degradation..anaerobic.	P164.PWY..purine.nucleobases.degradation.I..anaerobic.	P185.PWY..formaldehyde.assimilation.III..dihydroxyacetone.cycle.	P23.PWY..reductive.TCA.cycle.I	P4.PWY..superpathway.of.L.lysine..L.threonine.and.L.methionine.biosynthesis.I	P41.PWY..pyruvate.fermentation.to.acetate.and..S..lactate.I	P42.PWY..incomplete.reductive.TCA.cycle	P441.PWY..superpathway.of.N.acetylneuraminate.degradation	P461.PWY..hexitol.fermentation.to.lactate..formate..ethanol.and.acetate	P621.PWY..nylon.6.oligomer.degradation	PANTO.PWY..phosphopantothenate.biosynthesis.I	PANTOSYN.PWY..superpathway.of.coenzyme.A.biosynthesis.I..bacteria.	PEPTIDOGLYCANSYN.PWY..peptidoglycan.biosynthesis.I..meso.diaminopimelate.containing.	PHOSLIPSYN.PWY..superpathway.of.phospholipid.biosynthesis.I..bacteria.	POLYISOPRENSYN.PWY..polyisoprenoid.biosynthesis..E..coli.	PPGPPMET.PWY..ppGpp.metabolism	PWY.1042..glycolysis.IV	PWY.1269..CMP.3.deoxy.D.manno.octulosonate.biosynthesis	PWY.1861..formaldehyde.assimilation.II..assimilatory.RuMP.Cycle.	PWY.241..C4.photosynthetic.carbon.assimilation.cycle..NADP.ME.type	PWY.2941..L.lysine.biosynthesis.II	PWY.2942..L.lysine.biosynthesis.III	PWY.3001..superpathway.of.L.isoleucine.biosynthesis.I	PWY.3841..folate.transformations.II..plants.	PWY.4041...gamma..glutamyl.cycle	PWY.4984..urea.cycle	PWY.5005..biotin.biosynthesis.II	PWY.5022..4.aminobutanoate.degradation.V	PWY.5030..L.histidine.degradation.III	PWY.5080..very.long.chain.fatty.acid.biosynthesis.I	PWY.5097..L.lysine.biosynthesis.VI	PWY.5100..pyruvate.fermentation.to.acetate.and.lactate.II	PWY.5103..L.isoleucine.biosynthesis.III	PWY.5121..superpathway.of.geranylgeranyl.diphosphate.biosynthesis.II..via.MEP.	PWY.5130..2.oxobutanoate.degradation.I	PWY.5136..fatty.acid..beta..oxidation.II..plant.peroxisome.	PWY.5154..L.arginine.biosynthesis.III..via.N.acetyl.L.citrulline.	PWY.5188..tetrapyrrole.biosynthesis.I..from.glutamate.	PWY.5189..tetrapyrrole.biosynthesis.II..from.glycine.	PWY.5345..superpathway.of.L.methionine.biosynthesis..by.sulfhydrylation.	PWY.5347..superpathway.of.L.methionine.biosynthesis..transsulfuration.	PWY.5367..petroselinate.biosynthesis	PWY.5384..sucrose.degradation.IV..sucrose.phosphorylase.	PWY.5484..glycolysis.II..from.fructose.6.phosphate.	PWY.5497..purine.nucleobases.degradation.II..anaerobic.	PWY.5505..L.glutamate.and.L.glutamine.biosynthesis	PWY.5651..L.tryptophan.degradation.to.2.amino.3.carboxymuconate.semialdehyde	PWY.5659..GDP.mannose.biosynthesis	PWY.5667..CDP.diacylglycerol.biosynthesis.I	PWY.5676..acetyl.CoA.fermentation.to.butanoate.II	PWY.5686..UMP.biosynthesis.I	PWY.5695..inosine.5..phosphate.degradation	PWY.5837..2.carboxy.1.4.naphthoquinol.biosynthesis	PWY.5838..superpathway.of.menaquinol.8.biosynthesis.I	PWY.5840..superpathway.of.menaquinol.7.biosynthesis	PWY.5861..superpathway.of.demethylmenaquinol.8.biosynthesis.I	PWY.5873..ubiquinol.7.biosynthesis..late.decarboxylation.	PWY.5897..superpathway.of.menaquinol.11.biosynthesis	PWY.5898..superpathway.of.menaquinol.12.biosynthesis	PWY.5899..superpathway.of.menaquinol.13.biosynthesis	PWY.5910..superpathway.of.geranylgeranyldiphosphate.biosynthesis.I..via.mevalonate.	PWY.5913..partial.TCA.cycle..obligate.autotrophs.	PWY.5918..superpathway.of.heme.b.biosynthesis.from.glutamate	PWY.5920..superpathway.of.heme.b.biosynthesis.from.glycine	PWY.5941..glycogen.degradation.II	PWY.5971..palmitate.biosynthesis..type.II.fatty.acid.synthase.	PWY.5973..cis.vaccenate.biosynthesis	PWY.5981..CDP.diacylglycerol.biosynthesis.III	PWY.5989..stearate.biosynthesis.II..bacteria.and.plants.	PWY.6121..5.aminoimidazole.ribonucleotide.biosynthesis.I	PWY.6122..5.aminoimidazole.ribonucleotide.biosynthesis.II	PWY.6123..inosine.5..phosphate.biosynthesis.I	PWY.6124..inosine.5..phosphate.biosynthesis.II	PWY.6125..superpathway.of.guanosine.nucleotides.de.novo.biosynthesis.II	PWY.6126..superpathway.of.adenosine.nucleotides.de.novo.biosynthesis.II	PWY.6143..CMP.pseudaminate.biosynthesis	PWY.6147..6.hydroxymethyl.dihydropterin.diphosphate.biosynthesis.I	PWY.6151..S.adenosyl.L.methionine.salvage.I	PWY.6163..chorismate.biosynthesis.from.3.dehydroquinate	PWY.6168..flavin.biosynthesis.III..fungi.	PWY.621..sucrose.degradation.III..sucrose.invertase.	PWY.622..starch.biosynthesis	PWY.6270..isoprene.biosynthesis.I	PWY.6277..superpathway.of.5.aminoimidazole.ribonucleotide.biosynthesis	PWY.6282..palmitoleate.biosynthesis.I..from..5Z..dodec.5.enoate.	PWY.6284..superpathway.of.unsaturated.fatty.acids.biosynthesis..E..coli.	PWY.6292..superpathway.of.L.cysteine.biosynthesis..mammalian.	PWY.6293..superpathway.of.L.cysteine.biosynthesis..fungi.	PWY.6305..superpathway.of.putrescine.biosynthesis	PWY.6317..D.galactose.degradation.I..Leloir.pathway.	PWY.6353..purine.nucleotides.degradation.II..aerobic.	PWY.6385..peptidoglycan.biosynthesis.III..mycobacteria.	PWY.6386..UDP.N.acetylmuramoyl.pentapeptide.biosynthesis.II..lysine.containing.	PWY.6387..UDP.N.acetylmuramoyl.pentapeptide.biosynthesis.I..meso.diaminopimelate.containing.	PWY.6470..peptidoglycan.biosynthesis.V...beta..lactam.resistance.	PWY.6507..4.deoxy.L.threo.hex.4.enopyranuronate.degradation	PWY.6519..8.amino.7.oxononanoate.biosynthesis.I	PWY.6527..stachyose.degradation	PWY.6531..mannitol.cycle	PWY.6545..pyrimidine.deoxyribonucleotides.de.novo.biosynthesis.III	PWY.6549..L.glutamine.biosynthesis.III	PWY.6590..superpathway.of.Clostridium.acetobutylicum.acidogenic.fermentation	PWY.6595..superpathway.of.guanosine.nucleotides.degradation..plants.	PWY.6606..guanosine.nucleotides.degradation.II	PWY.6607..guanosine.nucleotides.degradation.I	PWY.6608..guanosine.nucleotides.degradation.III	PWY.6609..adenine.and.adenosine.salvage.III	PWY.6612..superpathway.of.tetrahydrofolate.biosynthesis	PWY.6628..superpathway.of.L.phenylalanine.biosynthesis	PWY.6629..superpathway.of.L.tryptophan.biosynthesis	PWY.6630..superpathway.of.L.tyrosine.biosynthesis	PWY.6700..queuosine.biosynthesis.I..de.novo.	PWY.6703..preQ0.biosynthesis	PWY.6731..starch.degradation.III	PWY.6823..molybdopterin.biosynthesis	PWY.6859..all.trans.farnesol.biosynthesis	PWY.6892..thiazole.component.of.thiamine.diphosphate.biosynthesis.I	PWY.6895..superpathway.of.thiamine.diphosphate.biosynthesis.II	PWY.6897..thiamine.diphosphate.salvage.II	PWY.6901..superpathway.of.glucose.and.xylose.degradation	PWY.6902..chitin.degradation.II..Vibrio.	PWY.6922..L.N.delta..acetylornithine.biosynthesis	PWY.6936..seleno.amino.acid.biosynthesis..plants.	PWY.6969..TCA.cycle.V..2.oxoglutarate.synthase.	PWY.702..L.methionine.biosynthesis.II	PWY.7039..phosphatidate.metabolism..as.a.signaling.molecule	PWY.7111..pyruvate.fermentation.to.isobutanol..engineered.	PWY.7115..C4.photosynthetic.carbon.assimilation.cycle..NAD.ME.type	PWY.7117..C4.photosynthetic.carbon.assimilation.cycle..PEPCK.type	PWY.7118..chitin.deacetylation	PWY.7184..pyrimidine.deoxyribonucleotides.de.novo.biosynthesis.I	PWY.7185..UTP.and.CTP.dephosphorylation.I	PWY.7197..pyrimidine.deoxyribonucleotide.phosphorylation	PWY.7198..pyrimidine.deoxyribonucleotides.de.novo.biosynthesis.IV	PWY.7199..pyrimidine.deoxyribonucleosides.salvage	PWY.7208..superpathway.of.pyrimidine.nucleobases.salvage	PWY.7209..superpathway.of.pyrimidine.ribonucleosides.degradation	PWY.7210..pyrimidine.deoxyribonucleotides.biosynthesis.from.CTP	PWY.7211..superpathway.of.pyrimidine.deoxyribonucleotides.de.novo.biosynthesis	PWY.7220..adenosine.deoxyribonucleotides.de.novo.biosynthesis.II	PWY.7221..guanosine.ribonucleotides.de.novo.biosynthesis	PWY.7222..guanosine.deoxyribonucleotides.de.novo.biosynthesis.II	PWY.7228..superpathway.of.guanosine.nucleotides.de.novo.biosynthesis.I	PWY.7229..superpathway.of.adenosine.nucleotides.de.novo.biosynthesis.I	PWY.7234..inosine.5..phosphate.biosynthesis.III	PWY.7237..myo...chiro..and.scyllo.inositol.degradation	PWY.7238..sucrose.biosynthesis.II	PWY.7242..D.fructuronate.degradation	PWY.724..superpathway.of.L.lysine..L.threonine.and.L.methionine.biosynthesis.II	PWY.7282..4.amino.2.methyl.5.diphosphomethylpyrimidine.biosynthesis.II	PWY.7315..dTDP.N.acetylthomosamine.biosynthesis	PWY.7316..dTDP.N.acetylviosamine.biosynthesis	PWY.7323..superpathway.of.GDP.mannose.derived.O.antigen.building.blocks.biosynthesis	PWY.7328..superpathway.of.UDP.glucose.derived.O.antigen.building.blocks.biosynthesis	PWY.7345..superpathway.of.anaerobic.sucrose.degradation	PWY.7356..thiamine.diphosphate.salvage.IV..yeast.	PWY.7357..thiamine.phosphate.formation.from.pyrithiamine.and.oxythiamine..yeast.	PWY.7371..1.4.dihydroxy.6.naphthoate.biosynthesis.II	PWY.7383..anaerobic.energy.metabolism..invertebrates..cytosol.	PWY.7385..1.3.propanediol.biosynthesis..engineered.	PWY.7391..isoprene.biosynthesis.II..engineered.	PWY.7392..taxadiene.biosynthesis..engineered.	PWY.7400..L.arginine.biosynthesis.IV..archaebacteria.	PWY.7456...beta...1.4..mannan.degradation	PWY.7560..methylerythritol.phosphate.pathway.II	PWY.7663..gondoate.biosynthesis..anaerobic.	PWY.7664..oleate.biosynthesis.IV..anaerobic.	PWY.7688..dTDP..alpha..D.ravidosamine.and.dTDP.4.acetyl..alpha..D.ravidosamine.biosynthesis	PWY.7761..NAD.salvage.pathway.II..PNC.IV.cycle.	PWY.7790..UMP.biosynthesis.II	PWY.7791..UMP.biosynthesis.III	PWY.7851..coenzyme.A.biosynthesis.II..eukaryotic.	PWY.7883..anhydromuropeptides.recycling.II	PWY.7942..5.oxo.L.proline.metabolism	PWY.7953..UDP.N.acetylmuramoyl.pentapeptide.biosynthesis.III..meso.diaminopimelate.containing.	PWY.7977..L.methionine.biosynthesis.IV	PWY.7992..superpathway.of.menaquinol.8.biosynthesis.III	PWY.8004..Entner.Doudoroff.pathway.I	PWY.801..homocysteine.and.cysteine.interconversion	PWY.8073..lipid.IVA.biosynthesis..P..putida.	PWY.8131..5..deoxyadenosine.degradation.II	PWY.8178..pentose.phosphate.pathway..non.oxidative.branch..II	PWY.8187..L.arginine.degradation.XIII..reductive.Stickland.reaction.	PWY.821..superpathway.of.sulfur.amino.acid.biosynthesis..Saccharomyces.cerevisiae.	PWY.841..superpathway.of.purine.nucleotides.de.novo.biosynthesis.I	PWY.922..mevalonate.pathway.I..eukaryotes.and.bacteria.	PWY.I9..L.cysteine.biosynthesis.VI..from.L.methionine.	PWY0.1061..superpathway.of.L.alanine.biosynthesis	PWY0.1241..ADP.L.glycero..beta..D.manno.heptose.biosynthesis	PWY0.1261..anhydromuropeptides.recycling.I	PWY0.1296..purine.ribonucleosides.degradation	PWY0.1297..superpathway.of.purine.deoxyribonucleosides.degradation	PWY0.1298..superpathway.of.pyrimidine.deoxyribonucleosides.degradation	PWY0.1319..CDP.diacylglycerol.biosynthesis.II	PWY0.1477..ethanolamine.utilization	PWY0.1479..tRNA.processing	PWY0.162..superpathway.of.pyrimidine.ribonucleotides.de.novo.biosynthesis	PWY0.166..superpathway.of.pyrimidine.deoxyribonucleotides.de.novo.biosynthesis..E..coli.	PWY0.781..aspartate.superpathway	PWY0.845..superpathway.of.pyridoxal.5..phosphate.biosynthesis.and.salvage	PWY0.862...5Z..dodecenoate.biosynthesis.I	PWY1ZNC.1..assimilatory.sulfate.reduction.IV	PWY3O.4107..NAD.salvage.pathway.V..PNC.V.cycle.	PWY4FS.7..phosphatidylglycerol.biosynthesis.I..plastidic.	PWY4FS.8..phosphatidylglycerol.biosynthesis.II..non.plastidic.	PWY4LZ.257..superpathway.of.fermentation..Chlamydomonas.reinhardtii.	PWY66.399..gluconeogenesis.III	PWY66.409..superpathway.of.purine.nucleotide.salvage	PWY66.429..fatty.acid.biosynthesis.initiation..mitochondria.	PYRIDNUCSAL.PWY..NAD.salvage.pathway.I..PNC.VI.cycle.	PYRIDNUCSYN.PWY..NAD.de.novo.biosynthesis.I..from.aspartate.	PYRIDOXSYN.PWY..pyridoxal.5..phosphate.biosynthesis.I	RHAMCAT.PWY..L.rhamnose.degradation.I	RIBOSYN2.PWY..flavin.biosynthesis.I..bacteria.and.plants.	SALVADEHYPOX.PWY..adenosine.nucleotides.degradation.II	SER.GLYSYN.PWY..superpathway.of.L.serine.and.glycine.biosynthesis.I	SO4ASSIM.PWY..assimilatory.sulfate.reduction.I	SULFATE.CYS.PWY..superpathway.of.sulfate.assimilation.and.cysteine.biosynthesis	THISYN.PWY..superpathway.of.thiamine.diphosphate.biosynthesis.I	THISYNARA.PWY..superpathway.of.thiamine.diphosphate.biosynthesis.III..eukaryotes.	THRESYN.PWY..superpathway.of.L.threonine.biosynthesis	TRNA.CHARGING.PWY..tRNA.charging	TRPSYN.PWY..L.tryptophan.biosynthesis	UDPNAGSYN.PWY..UDP.N.acetyl.D.glucosamine.biosynthesis.I	VALSYN.PWY..L.valine.biosynthesis
Het.1	331407	621112	304.927	422.425	477.936	140.95	458.968	451.188	462.528	222.779	34.6802	661.756	205.772	6.58591	156.52	471.211	451.274	67.0644	102.1	427.753	0	130.427	644.194	23.1163	0	32.1921	39.2402	17.689	8.78741	0	5.95457	137.757	335.165	7.19195	17.1706	372.508	144.044	433.544	214.122	438.494	0	1.60272	4.85658	13.0525	143.635	418.667	15.4435	245.844	668.142	2.30843	122.773	29.7071	2.9578	10.0847	26.4433	0	0	117.537	482.714	122.947	320.186	6.74678	61.0689	180.184	16.3399	105.1	20.9835	0.99548	3.03744	23.2594	392.691	7.78189	187.045	39.6131	18.166	338.548	330.148	480.586	164.829	40.9249	21.607	375.368	103.755	0.722273	99.3321	450.312	528.94	345.209	594.029	119.056	136.986	7.69732	16.4761	113.494	0	524.109	392.691	624.901	66.5071	56.814	11.6707	227.522	34.6819	29.0304	4.72666	29.5181	9.2299	70.8558	424.639	7.05098	15.1768	0	115.705	234.063	0.497849	672.287	371.48	15.7486	46.3723	44.0336	33.4363	0	41.7888	41.7888	41.7888	16.793	12.1259	9.7962	0	220.682	26.8925	264.987	68.2403	17.7042	514.761	545.192	580.423	594.353	232.722	310.12	6.8321	129.38	476.018	440.64	106.601	29.5377	144.265	296.384	545.192	17.7144	16.9732	17.3017	19.3543	0	171.953	7.45591	437.332	480.691	460.476	42.6061	4.84239	28.5138	140.417	0	99.9833	8.5811	8.73048	4.19066	28.6576	2.9724	37.8051	496.662	26.8574	8.13318	374.876	8.35239	286.051	227.39	82.5257	19.7579	26.5086	115.898	0	143.492	194.125	99.8548	0	144.871	8.43186	50.147	0	217.28	127.713	100.713	0	148.502	152.671	145.544	186.422	364.936	205.923	0	148.014	63.2252	173.924	592.405	173.924	272.495	413.456	190.314	315.556	815.387	4.84944	357.154	151.093	24.2418	8.80567	18.7481	64.4012	114.213	93.002	123.214	0.792592	41.5109	0	0	54.1966	414.859	15.4265	277.302	257.223	20.4399	0.572134	80.0067	672.287	672.287	451.274	19.1726	0	387.892	248.996	2.09902	276.607	11.8717	117.537	3.56507	132.765	138.154	3.01631	340.547	15.3145	72.2788	170.75	34.5162	103.467	329.772	165.022	56.8758	234.063	105.1	27.2254	241.694	40.524	24.4743	149.37	17.7064	1.73686	0.699675	133.097	133.097	13.1929	52.9546	71.2023	265.877	0.974509	213.449	134.268	118.273	219.891	3.54033	221.152	1.73686	3.4559	166.884	120.696	273.657	586.987	349.328	458.043	712.59
Het.2	370023	582021	292.599	305.336	420.371	74.2405	582.685	587.294	582.851	204.66	25.3667	813.211	151.62	12.81	93.9874	564.257	536.57	34.5485	84.8041	471.39	0.80838	121.717	568.63	17.6733	0	25.1335	14.3792	18.6706	11.1148	2.73938	6.81696	98.2118	338.797	5.83176	13.2385	501.095	111.223	501.899	174.185	400.264	0	2.77338	2.59359	5.78707	100.312	449.879	2.73494	240.042	835.605	4.86106	45.9938	5.44541	5.40373	1.7482	4.77084	0	0	82.0785	591.677	87.0206	358.586	4.82868	40.8761	166.523	2.70784	176.078	19.6232	0.683322	3.08693	4.79963	464.699	4.34094	179.951	34.8583	6.03563	312.385	317.588	533.054	124.039	26.0967	5.6836	343.894	68.6596	0	73.7916	515.996	560.366	301.314	683.961	88.5065	80.1862	15.896	12.5864	72.6028	0	589.01	464.699	774.491	43.8381	33.8228	9.82925	137.065	37.7736	31.1867	9.40439	5.41188	1.583	99.2588	387.54	31.7094	14.2237	0	71.7195	200.125	1.39433	826.639	301.321	5.91436	18.8952	18.4636	13.0824	0	16.8472	16.8472	16.8472	11.4299	24.1029	5.8113	0	259.513	18.6389	181.833	58.2655	13.5687	620.642	725.681	677.018	682.325	173.432	240.164	10.11	83.7447	578.545	552.61	17.7037	17.6133	176.626	243.146	725.681	13.5855	4.46221	25.3923	14.2556	0	194.563	46.5899	451.041	524.126	497.645	8.16514	8.79149	20.7403	164.042	0.671067	36.6907	17.4324	16.9146	23.1748	27.0096	27.0096	37.9393	554.525	9.6686	11.0931	443.469	11.7392	255.228	163.872	79.8702	19.5703	16.7299	95.9382	5.05954	117.815	158.753	41.2191	0	193.432	16.588	19.7563	0	324.684	139.647	76.0189	0	37.8018	28.5771	106.739	158.503	320.805	153.351	0	39.8568	29.8943	123.237	659.896	123.237	209.361	343.961	256.538	203.35	1088.83	3.94492	393.407	86.1449	40.8189	1.43992	27.4443	63.2582	75.9786	97.702	115.618	2.89143	68.6668	0	0	35.3811	415.808	23.5853	223.926	166.665	15.6698	3.75668	66.9027	826.639	826.639	536.57	6.62662	0	406.506	215.58	7.43637	241.715	8.66649	82.0785	1.6667	95.2507	172.103	5.54249	286.347	10.6565	21.0483	266.35	26.5934	60.0314	410.61	258.421	66.8325	200.125	176.078	15.2537	245.019	20.7885	5.07926	102.135	13.6123	3.50417	0	109.787	109.787	44.7067	56.7146	25.4195	230.238	0	147.458	86.8407	93.5817	176.702	32.3236	144.845	3.50417	6.8287	123.599	66.2315	216.445	638.588	458.536	586.112	908.954
Het.3	337444	611980	352.712	402.174	446.021	143.088	475.11	473.028	528.333	225.279	39.4814	711.514	213.134	6.19035	166.151	521.003	498.797	66.8788	91.5208	468.709	0	120.33	598.307	26.8182	0.689764	29.3132	46.0364	22.0504	11.7354	0	12.3286	142.377	329.235	15.0402	12.519	412.079	131.014	385.133	227.066	423.274	0	1.14906	3.76763	4.37932	155.474	448.905	18.3546	296.719	715.745	0	114.972	35.3793	0.932768	9.32363	31.349	0	0	120.028	561.034	137.288	344.992	8.07683	69.0678	216.423	23.6531	169.254	31.1429	1.23633	5.06317	30.703	401.44	8.36037	215.732	45.2015	24.8307	367.114	356.765	539.214	161.89	37.3872	28.3735	348.507	116.374	0	98.9895	442.62	552.104	376.771	650.862	143.656	143.98	11.8171	12.2569	128.935	0	555.254	401.44	668.002	59.9063	48.5042	7.697	220.03	29.0913	23.4747	0	34.8875	9.13681	80.9236	410.865	29.2385	27.786	0	109.081	250.182	1.36311	754.349	373.778	22.5418	64.0853	58.2362	47.2784	0	58.2804	58.2804	58.2804	12.419	11.3246	7.82021	1.06505	206.255	30.9392	258.054	78.6918	20.6297	529.165	575.892	628.739	629.633	213.184	284.17	6.77927	140.941	517.141	508.702	107.205	31.9667	144.285	343.62	575.892	20.6425	17.9595	15.1836	19.7252	0	137.116	59.3677	474.854	531.156	514.977	33.8375	15.6185	32.4889	110.831	0	103.488	7.61921	8.21008	26.892	32.069	27.6056	60.3982	497.23	31.608	8.62845	417.65	8.87039	287.734	226.168	75.682	15.6773	23.3723	144.109	2.02954	162.761	219.459	88.2399	0	208.355	7.7574	53.0743	0	297.644	169.027	103.489	0	154.859	175.412	132.913	182.237	361.703	187.167	0	160.284	42.361	155.895	629.026	155.895	252.451	385.489	261.453	357.986	829.713	10.2594	386.266	147.92	20.7669	1.8801	27.4287	56.5223	122.032	132.507	152.763	1.13315	53.2642	0	0	47.9783	422.64	22.9504	323.648	242.441	23.7778	0	87.6969	754.349	754.349	498.797	5.9472	0	444.085	290.232	2.99336	307.827	12.0548	120.028	1.45571	142.82	116.584	0	325.299	10.8547	75.5029	251.477	26.6738	105.037	339.412	236.354	59.4024	250.182	169.254	8.41393	275.887	25.4856	32.3439	166.697	20.6555	0	2.69304	127.866	127.866	15.1655	60.7829	66.2291	301.658	3.70443	230.137	150.433	131.271	219.065	35.1782	235.522	0	0	186.026	114.383	291.1	610.998	400.187	462.991	772.96
Het.4	346990	602787	348.463	396.347	486.343	110.563	510.783	516.911	561.408	201.048	25.9504	738.46	192.956	11.0658	132.453	553.281	526.845	58.4235	94.4252	475.425	0	118.051	630.734	16.8839	0	12.0266	31.0687	14.4999	7.08477	1.27946	9.29306	128.925	376.543	11.2953	15.0235	445.694	127.535	449.523	209.683	456.509	0	1.72893	4.85185	7.31584	134.348	449.194	8.97846	277.858	742.46	3.37664	92.6992	17.6019	4.93054	6.02963	15.5429	0	0	116.841	591.722	111.774	334.651	6.27928	55.1765	171.463	12.0028	131.571	22.2164	0.926906	2.73996	15.7959	469.597	5.7914	195.515	41.76	11.3937	375.341	368.271	538.116	152.87	27.8639	15.7601	410.917	90.5315	0	90.4538	499.515	591.869	350.132	705.022	111.008	113.846	15.6326	14.4583	104.739	0	598.943	469.597	686.456	45.4651	44.7094	12.921	185.931	32.2819	26.4459	0	17.4669	5.07722	77.6692	443.385	26.8916	13.9954	0	88.4077	236.688	1.48502	798.274	367.909	13.4835	40.7801	38.6705	28.9969	0	36.7045	36.7045	36.7045	13.592	11.0347	9.74418	0.869982	220.168	19.5152	242.005	68.2609	12.8789	575.57	616.633	674.614	671.468	225.457	303.819	7.89576	118.15	573.875	543.616	86.0369	25.4001	142.242	282.822	616.633	12.8884	10.5137	18.7317	12.4959	0	188.251	36.6946	473.388	519.301	507.838	19.851	20.8504	21.0893	155.034	0	96.1907	9.38418	14.6326	21.1198	26.8047	20.7643	35.1606	551.644	21.0967	6.58945	435.686	6.7532	281.96	214.926	77.2385	19.3107	17.3827	110.779	7.38287	147.944	183.162	68.6623	0	160.355	7.55015	32.0937	0	253.981	133.692	91.7434	0	114.62	105.304	141.241	189.357	397.07	199.276	0	113.155	54.8388	165.069	656.296	165.069	267.02	414.876	246.568	273.906	936.287	7.68097	398.655	130.948	36.3327	0	23.4679	61.9961	103.763	102.611	134.336	2.85145	45.9879	1.33817	0	36.2533	428.787	19.7728	262.108	225.313	14.9093	0	81.9644	798.274	798.274	526.845	10.5405	0.465437	433.076	279.413	7.41232	269.416	7.59122	116.841	3.60707	123.596	134.352	0	343.652	13.4081	42.4174	183.767	25.1301	90.7442	418.183	207.186	53.0599	236.688	131.571	14.2957	271.31	35.312	16.6612	137.596	12.8981	0	3.30663	116.062	116.062	24.7425	48.917	54.5083	275.467	4.51877	214.993	125.827	106.555	218.361	21.4677	198.601	0	0	164.536	104.08	262.558	654.069	433.898	512.809	822.259
Het.5	342445	608536	323.452	349.838	441.61	158.225	535.066	536.48	560.249	228.272	26.4199	800.656	188.954	3.16643	165.365	532.512	513.307	41.4837	63.0346	481.52	0.578066	69.4579	663.136	17.4788	0	14.3998	16.7404	18.7109	9.14053	0.67032	5.75318	142.266	305.506	6.94019	1.84688	458.236	81.6414	479.01	185.367	351.466	0	0.641147	4.12445	13.5264	117.128	435.762	6.04258	255.583	812.046	3.26181	58.467	11.8731	1.92256	4.59647	10.4922	0	0	86.8241	577.378	132.621	271.597	3.89709	41.6394	157.02	8.21717	103.977	30.8447	0.828478	4.50756	15.2896	457.216	5.20703	175.478	19.6938	6.31499	333.24	351.646	503.698	126.72	20.5953	11.2118	267.416	136.876	9.57708	70.8588	497.891	559.866	387.114	616.726	182.49	143.734	14.0287	1.84407	72.6091	0	560.484	457.216	756.183	34.8127	56.2826	2.23698	204.373	36.2618	30.6344	5.72486	11.8775	2.98776	75.5646	340.951	32.179	9.59182	0	155.371	248.211	1.50302	755.064	332.274	6.76219	21.559	18.4594	14.9221	0	19.1768	19.1768	19.1768	3.36231	13.6296	8.75763	0	297.138	19.6336	247.956	38.0581	13.3299	586.946	620.996	657.369	660.647	240.443	321.962	6.94954	175.155	483.845	536.333	70.1333	18.9256	179.312	359.365	620.996	13.3383	7.39405	10.5403	7.56032	0	201.312	66.1363	420.916	500.033	473.658	18.295	4.85488	21.4401	102.695	0.781097	83.2281	7.39433	4.21166	4.68634	36.8906	4.6764	84.9507	549.467	11.2758	8.52193	441.104	8.91421	257.49	249.446	103.299	14.0993	13.1643	126.291	2.34554	133.536	193.299	56.0583	0	113.422	9.60604	17.2381	0	178.906	128.391	74.7687	0	99.4205	83.0244	151.236	204.997	388.972	211.457	0	100.163	5.15036	178.174	647.6	178.174	283.092	434.054	185.367	453.185	985.15	4.6827	389.257	89.2576	28.3537	0	24.1463	33.7382	79.0713	75.2901	114.242	3.16545	47.0835	0.459708	0	28.0312	442.475	19.6379	337.053	242.979	15.4193	1.93374	43.7205	755.064	755.064	513.307	24.4989	0	378.244	260.709	8.18144	246.65	4.57464	86.8241	1.25472	127.204	213.04	2.97447	355.586	2.61152	24.3766	176.573	33.4297	77.8107	397.168	170.464	41.0208	248.211	103.977	34.405	258.774	2.90501	16.093	136.037	13.3258	2.10733	1.84114	91.191	91.191	20.6443	43.9618	44.6247	249.349	2.51953	248.138	119.076	136.163	259.647	37.9046	231.343	2.10733	4.24869	133.519	66.7527	290.175	625.723	435.767	527.496	874.753
Homo.1	430371	522634	227.147	203.033	527.791	41.177	692.92	700.236	624.093	235.443	12.9491	882.814	211.623	14.3506	70.1715	530.365	497.876	16.9167	77.5684	513.786	0	86.6926	604.031	11.7542	0	62.2804	7.50973	20.6546	29.2044	9.46487	22.4358	51.3391	340.848	25.5555	7.86169	569.712	29.7957	518.85	41.4462	422.491	0	7.77064	3.08604	7.56543	51.1816	552.284	2.75116	334.824	895.25	10.8522	50.558	5.47044	12.2857	0	4.80094	0	0	17.5095	602.378	153.916	422.223	5.25979	63.3447	200.606	4.52151	267.747	5.96533	0.626313	3.51669	6.10947	461.718	5.54619	68.6963	23.7153	0	224.782	250.198	608.362	14.5354	19.5191	5.54212	458.248	20.4605	8.24539	24.1867	475.902	546.261	196.101	711.589	45.5658	59.1316	49.2082	6.93289	13.0207	0	614.48	461.718	806.478	36.397	19.5148	8.26164	59.1714	89.2836	70.0255	2.22719	5.39585	0	139.211	404.361	7.80129	10.0288	0	57.7546	149.253	4.35958	894.806	181.547	2.69741	8.78038	8.64846	6.0203	0.373326	7.82666	7.82666	7.82666	6.76215	59.7903	7.32586	0.625295	320.323	0	126.859	59.8338	9.01436	690.882	866.208	733.57	716.269	95.2904	137.595	5.9169	42.6109	601.157	585.902	25.2149	32.6031	217.389	115.361	866.208	9.02614	0	48.3961	10.056	0	210.461	14.845	435.734	592.535	571.426	5.46399	18.7734	10.4508	190.53	0	43.5281	40.4101	18.9284	6.94734	15.8702	15.8702	38.0816	491.546	5.02735	10.0075	452.082	10.7339	178.245	108.345	51.5368	29.629	13.4783	34.8669	5.17297	66.7879	217.594	10.3818	0	262.199	39.2386	15.7431	0	473.789	87.936	27.481	0	44.4547	40.1117	56.6735	92.4573	194.55	83.3999	3.48899	44.2203	41.1341	64.3771	701.66	64.3771	118.498	213.917	364.761	105.836	1194.41	18.9998	360.696	42.0652	55.2556	0.861287	23.6963	72.1591	55.636	62.3059	72.9158	14.1592	118.438	0.867875	0	30.0475	316.342	19.0836	103.227	111.106	10.4311	0	13.4469	894.806	894.806	483.242	3.97626	1.06822	382.902	153.321	27.8385	138.669	6.06997	17.5095	1.69969	163.137	264.622	1.42558	179.257	5.63218	17.2432	341.416	42.8716	18.0666	382.866	331.818	30.2411	149.253	267.747	8.68091	160.55	29.2066	6.45873	83.0471	9.06984	1.40538	1.56649	49.399	49.399	96.5143	77.9672	17.539	192.573	2.06145	105.801	60.8386	62.8212	108.188	32.9367	112.892	0.816107	1.73873	60.8957	27.2094	159.501	704.475	426.422	608.146	1053.43
Homo.2	290908	653515	394.331	334.398	452.424	85.0853	610.667	626.608	610.672	254.648	46.0484	782.4	258.605	14.9553	121.22	526.809	542.307	33.4566	128.626	478.115	0	149.375	781.118	43.7688	0	92.1475	14.1439	51.1619	79.4089	1.12602	11.6626	104.783	332.024	14.2477	33.8327	478.408	190.492	318.312	117.387	474.788	0	5.16607	3.45446	3.73974	106.19	572.769	5.01693	436.459	779.452	2.21228	151.495	9.95846	12.1587	0	8.73581	0	0	69.379	623.12	220.618	522.48	6.08264	55.4342	287.249	7.43125	277.413	7.51918	0.920133	3.13543	8.0893	365.262	5.39606	163.583	28.2536	0	446.721	402.873	745.688	89.0478	64.7815	9.02537	357.503	42.6055	0	66.4523	461.192	655.701	314.421	742.791	86.3479	103.427	10.1304	27.1585	72.5028	0	705.595	365.262	718.945	108.347	26.7637	24.198	135.207	110.022	24.3982	0	9.88207	0	207.309	452.246	12.8296	14.5383	0	89.6084	204.303	3.72567	906.18	380.353	6.06281	19.7687	19.8035	13.5003	0	17.602	17.602	17.602	29.8128	90.6793	7.86298	0.591635	414.662	0	269.269	178.175	34.0541	608.081	753.889	713.563	712.55	218.792	299.682	4.21146	91.5989	635.936	590.07	35.5188	23.781	252.872	289.963	753.889	34.2783	0	38.3177	27.4479	2.4053	235.31	14.0278	599.262	742.921	733.825	6.11958	9.88376	37.9538	202.815	0	77.6579	31.3368	19.6586	9.75232	10.7627	10.7627	11.0533	432.139	9.50625	6.37949	407.08	6.51225	338.777	237.537	94.1471	26.5511	44.3009	63.9181	4.67259	173.683	269.685	47.7019	0	352.242	63.5539	30.3541	0	554.674	196.507	79.1195	0	82.788	70.3031	135.768	203.162	280.804	194.491	3.16256	84.3166	92.9351	156.444	787.032	156.444	263.036	423.286	437.899	127.063	970.39	9.92267	424.463	117.14	18.23	11.975	36.6079	109.114	83.2164	148.314	181.927	3.01598	223.634	0	0	91.0034	428.187	29.7166	267.689	251.132	39.2086	0	57.0023	906.18	906.18	487.271	4.45956	0.462874	567.427	318.898	7.8076	254.695	16.7723	69.379	0	207.689	139.496	0	348.34	26.7696	42.8443	477.447	102.969	44.4382	292.9	295.257	25.0648	204.303	277.413	8.10261	329.17	71.6221	8.55684	188.403	34.4262	0	7.01844	110.339	110.339	53.8016	126.253	23.4479	268.354	9.20545	232.833	145.756	78.3014	191.18	9.26219	146.509	0	0	137.4	78.7384	257.48	744.507	371.832	593.759	864.599
Homo.3	331969	618953	450.967	412.297	478.549	227.861	408.4	434.698	432.926	202.672	0	652.815	323.468	18.2338	0	445.104	535.422	168.472	21.4396	470.199	0	91.028	737.225	0	0	45.2734	29.0732	0	3.87755	0	8.39779	202.938	370.15	10.1302	43.9116	263.035	142.889	156.103	116.481	439.245	0	1.51721	0	0	185.258	494.142	7.5915	430.635	649.626	0	63.4081	14.8964	10.0715	0	13.1419	0	0	285.406	490.773	230.029	279.524	0	36.8639	228.626	14.6863	89.0593	0	0	0	15.7956	106.408	0	184.599	40.2125	0	543.631	497.774	610.346	106.433	28.849	17.0824	386.066	191.643	8.62429	186.966	182.157	616.686	289.878	717.591	2.52312	0	4.57751	41.2192	207.486	0	582.901	106.408	608.195	50.0893	2.1837	26.7783	280.642	206	32.7306	0	14.8529	0	83.2277	437.371	0	14.7617	0	10.6194	265.593	0.994678	748.939	412.627	8.04939	26.5398	25.7344	18.0741	0	23.425	23.425	23.425	18.5781	42.5567	0	0	168.379	0	384.523	238.291	0	534.257	579.373	657.457	656.756	149.795	207.953	5.47837	29.6144	484.477	411.605	37.6342	15.4405	105.986	180.475	579.373	0	0	31.3006	22.6459	0	140.017	12.324	591.519	554.728	602.202	0	6.82595	0	130.383	0	60.7102	9.36171	23.0125	0	15.1185	15.1185	15.8317	376.76	19.6974	0	109.329	0	594.49	431.32	74.4252	22.584	19.4794	273.457	0	350.159	264.817	205.075	0	184.119	32.8304	16.3093	0	325.997	158.739	168.131	0	93.2229	109.169	89.1614	128.238	259.019	131.641	0	88.8952	102.891	104.049	672.832	104.049	181.831	301.073	245.122	276.454	444.096	6.83635	346.17	295.238	29.4364	23.0312	3.69572	43.4409	73.6057	127.638	319.005	0	274.849	0	0	41.6701	380.564	12.5433	164.442	357.135	0	0.638137	143.327	748.939	748.939	413.22	0	0	594.418	461.891	0	96.5105	13.8339	285.406	2.33781	265.081	183.083	0	257.075	19.2844	38.2351	217.979	263.433	175.629	154.689	132.041	35.6998	265.593	89.0593	0	230.876	77.1076	16.6568	311.878	0	0	8.85867	73.2764	73.2764	38.0311	89.5177	25.0207	337.656	12.0009	243.938	336.835	158.811	83.5896	13.2871	232.308	0	0	408.803	266.812	254.559	652.447	53.4865	226.441	716.935
Homo.4	381989	575194	295.428	334.415	418.607	73.1463	486.148	485.578	466.394	163.871	17.2962	634.517	222.098	8.75594	103.257	407.156	392.492	37.2851	75.4378	424.716	1.09487	64.9549	634.084	11.1817	0.907545	70.2429	18.8981	1.58268	36.7118	0	18.2781	64.3721	304.32	22.4436	5.18277	367.85	93.7148	426.231	110.311	414.301	0.440418	3.61051	0.839937	0.871813	97.1287	413.035	9.77593	266.332	634.868	6.05431	121.917	19.1195	6.06365	0.442247	16.8654	0.37729	0.444135	56.6742	464.895	142.759	324.935	0	73.2953	177.885	15.7299	147.956	13.852	0	0	20.2175	314.39	0.99306	124.451	44.3436	0	328.151	316.098	461.955	91.2473	7.21991	18.4531	359.831	57.9076	1.19264	55.8865	373.473	499.488	263.578	560.602	61.7549	88.0024	31.4805	4.98388	71.7499	0.234214	503.961	314.39	584.989	12.5246	39.5405	5.99912	142.829	64.6739	48.3272	6.18421	18.8018	0.606607	92.057	400.765	17.5375	16.9847	0.277915	70.686	185.946	5.10678	639.115	262.599	13.9236	40.9579	36.2495	29.5579	0.322465	37.2066	37.2066	37.2066	3.864	62.5355	2.05805	0.784148	233.441	11.037	216.91	94.756	8.48265	494.14	554.629	560.112	556.335	173.831	239.259	8.7346	77.875	443.638	447.449	76.9504	37.7162	163.807	216.811	554.629	8.49546	1.82253	30.4612	12.7374	0.341548	189.433	18.9785	412.492	451.439	438.722	2.94742	15.572	13.8836	163.493	0	117.582	32.0288	11.5649	10.3304	13.1234	10.2906	18.0115	468.677	12.7689	4.23143	340.445	4.32679	325.085	226.026	82.1212	13.9462	4.15312	76.4928	0	125.943	194.007	51.2309	0.364676	166.542	47.6475	19.5291	0.29389	269.819	137.315	59.9917	0.303361	131.019	143.516	107.522	154.364	274.296	154.078	0	138.179	23.822	125.183	571.567	125.183	207.709	335.675	217.579	188.082	774.868	15.7367	330.481	105.255	49.0301	2.84808	11.3155	49.7552	103.574	101.34	119.808	1.61106	124.528	0.682837	0.738853	8.95732	387.8	9.29751	199.668	203.776	9.85323	0	48.9008	639.115	639.115	377.279	0	0.64285	384.876	237.251	4.21674	206.955	7.72803	56.6742	0	150.606	232.123	3.96494	275.3	4.12575	31.8293	245.632	61.9845	64.8539	298.027	208.032	36.393	185.946	147.956	0.509171	238.911	13.907	21.3212	143.261	8.50585	2.28423	10.2583	66.6259	66.6259	40.4302	49.5052	47.0536	217.918	12.6788	160.305	124.633	85.4641	153.401	10.9894	174.465	2.28423	4.76013	133.821	73.9946	194.78	576.32	286.867	414.915	701.314
Homo.5	439414	521866	203.492	277.416	450.366	53.9352	487.221	489.079	382.453	119.692	10.4552	574.666	255.261	29.4335	92.095	358.103	331.435	26.1427	92.8875	366.241	2.24458	113.471	462.776	6.74592	0.77526	70.2184	11.6891	0	18.3707	2.69417	28.4173	44.8106	246.452	36.2475	18.7005	361.627	119.807	463.453	82.9607	422.73	0.417128	16.8427	0	0	64.1929	356.966	4.97483	179.531	584.4	17.0151	74.8835	9.83917	39.5344	0	8.63076	0.65409	0.382638	37.1608	381.688	155.587	277.366	0	71.0221	144.223	6.81781	102.572	8.39007	0	0	13.2556	347.004	0	93.4447	46.4514	0	200.468	226.61	424.113	56.2186	26.5808	9.36185	417.496	24.6188	24.8197	34.5264	292.095	394.34	218.56	481.084	48.8647	79.2182	38.7212	14.3229	39.5983	0.421783	425.374	347.004	525.724	42.948	24.7091	18.7041	119.736	73.4836	62.858	6.4854	9.64646	0.517312	100.224	401.337	16.0949	21.5502	0.239532	60.1918	223.685	10.9559	594.667	237.47	7.55515	22.6594	22.647	16.1139	0.424408	20.5163	20.5163	20.5163	16.1752	60.4582	0	0	367.804	7.04726	161.641	94.328	5.11693	468.381	532.086	413.561	404.305	110.774	155.399	21.9532	62.4982	407.942	368.104	37.365	38.4999	224.319	189.311	532.086	5.1113	1.49349	56.7972	24.1321	2.87705	309.724	29.583	384.896	420.87	409.796	14.3664	25.8877	8.3474	334.159	5.39296	65.3411	56.7718	38.139	11.4069	40.8596	40.8596	49.21	496.944	7.86472	1.99133	260.976	1.99994	187.596	121.258	103.318	35.2932	16.822	62.07	0	98.638	208.596	23.7392	0.809172	150.723	45.9115	34.8775	0.247943	275.779	84.2096	36.2629	0.310052	66.2504	70.1091	66.1917	97.9032	228.591	98.958	2.21151	66.9882	59.9747	76.6788	494.089	76.6788	134.486	226.69	165.594	165.568	724.775	26.4666	310.566	95.7028	97.8539	1.85731	29.2984	103.259	90.6978	100.745	119.713	6.61549	100.744	1.33501	0.930585	34.6549	366.652	24.9945	174.44	143.766	5.93777	6.00592	49.9843	594.667	594.667	331.435	0	1.11509	369.999	145.638	15.7382	175.21	14.8796	37.1608	3.09747	173.453	179.256	4.1895	190.399	17.3112	40.2992	173.86	34.1429	46.519	371.545	164.963	34.6877	223.685	102.572	0	159.083	43.0334	14.0132	92.1932	5.11995	2.41819	7.19105	69.3766	69.3766	93.6213	84.4125	50.9365	264.985	9.2852	111.052	72.0288	101.825	139.038	42.516	142.701	2.41819	4.99539	95.6827	74.9114	209.641	534.535	197.483	341.792	687.665
